[
  {
    "tipo": "EntradaIndividual",
    "codigo": "7eadcf78-78e8-4d73-b8f3-53bf21a4c22e",
    "fechaCompra": "2025-05-01T18:12:11.6541414",
    "precio": 50.0,
    "idComprador": "C1",
    "nombreComprador": "Carlos",
    "esEmpleado": false,
    "idAtraccion": "A1",
    "utilizado": false
  },
  {
    "tipo": "TiqueteGeneral",
    "codigo": "44855672-5971-4a7c-90d2-942400ceeffc",
    "fechaCompra": "2025-04-15T15:14:04.7970437",
    "precio": 100.0,
    "idComprador": "C1",
    "nombreComprador": "Carlos",
    "esEmpleado": false,
    "categoria": "ORO",
    "utilizado": false
  },
  {
    "tipo": "TiqueteGeneral",
    "codigo": "d1ce15d9-7176-4f24-98d7-bb702ec7391c",
    "fechaCompra": "2025-04-15T16:39:07.1994653",
    "precio": 100.0,
    "idComprador": "C1",
    "nombreComprador": "Carlos",
    "esEmpleado": false,
    "categoria": "ORO",
    "utilizado": false
  },
  {
    "tipo": "EntradaIndividual",
    "codigo": "f37d9e7e-00b5-4095-9eef-0d86d1c34b14",
    "fechaCompra": "2025-04-17T12:20:53.5145571",
    "precio": 50.0,
    "idComprador": "C1",
    "nombreComprador": "Carlos",
    "esEmpleado": false,
    "idAtraccion": "A1",
    "utilizado": false
  },
  {
    "tipo": "FastPass",
    "codigo": "4ba62ccf-8f3c-43f7-a802-38c96082a21e",
    "fechaCompra": "2025-04-15T15:18:07.3832443",
    "precio": 15.0,
    "idComprador": "E1",
    "nombreComprador": "Ana",
    "esEmpleado": true,
    "fechaValida": "2025-04-16T15:18:07.3822423",
    "utilizado": false
  },
  {
    "tipo": "FastPass",
    "codigo": "47998a44-1432-4504-8122-4f670aa91ef5",
    "fechaCompra": "2025-04-15T15:16:27.4695727",
    "precio": 15.0,
    "idComprador": "E1",
    "nombreComprador": "Ana",
    "esEmpleado": true,
    "fechaValida": "2025-04-16T15:16:27.4695727",
    "utilizado": false
  },
  {
    "tipo": "TiqueteGeneral",
    "codigo": "6a32a1ee-3b62-4c2e-ae58-15abf76ae8da",
    "fechaCompra": "2025-05-01T16:48:01.7243246",
    "precio": 100.0,
    "idComprador": "C1",
    "nombreComprador": "Carlos",
    "esEmpleado": false,
    "categoria": "ORO",
    "utilizado": false
  },
  {
    "tipo": "EntradaIndividual",
    "codigo": "62681df4-4d54-4b19-96e3-bf598a44ad51",
    "fechaCompra": "2025-04-15T15:22:12.5875291",
    "precio": 50.0,
    "idComprador": "C1",
    "nombreComprador": "Carlos",
    "esEmpleado": false,
    "idAtraccion": "A1",
    "utilizado": false
  },
  {
    "tipo": "FastPass",
    "codigo": "8521aa89-0f3e-42aa-8a88-83e0cf95cfc8",
    "fechaCompra": "2025-04-15T15:35:39.3388815",
    "precio": 15.0,
    "idComprador": "E1",
    "nombreComprador": "Ana",
    "esEmpleado": true,
    "fechaValida": "2025-04-16T15:35:39.3388815",
    "utilizado": false
  },
  {
    "tipo": "FastPass",
    "codigo": "22dce94d-0e58-4f04-8d34-9f22f5bdf6e4",
    "fechaCompra": "2025-04-15T15:14:04.8179907",
    "precio": 15.0,
    "idComprador": "E1",
    "nombreComprador": "Ana",
    "esEmpleado": true,
    "fechaValida": "2025-04-16T15:14:04.8179907",
    "utilizado": false
  },
  {
    "tipo": "EntradaIndividual",
    "codigo": "c1810a55-8ed5-4cc5-9f54-190b125b4f59",
    "fechaCompra": "2025-04-15T15:40:36.4000263",
    "precio": 50.0,
    "idComprador": "C1",
    "nombreComprador": "Carlos",
    "esEmpleado": false,
    "idAtraccion": "A1",
    "utilizado": false
  },
  {
    "tipo": "FastPass",
    "codigo": "1e795a73-8dc2-46b2-b269-7c9e1eb9cdfe",
    "fechaCompra": "2025-04-17T12:14:13.8143",
    "precio": 15.0,
    "idComprador": "E1",
    "nombreComprador": "Ana",
    "esEmpleado": true,
    "fechaValida": "2025-04-18T12:14:13.8143",
    "utilizado": false
  },
  {
    "tipo": "TiqueteGeneral",
    "codigo": "05abb91d-0b3d-403e-bd87-b7f86c3ee2a0",
    "fechaCompra": "2025-04-15T15:35:39.2959826",
    "precio": 100.0,
    "idComprador": "C1",
    "nombreComprador": "Carlos",
    "esEmpleado": false,
    "categoria": "ORO",
    "utilizado": false
  },
  {
    "tipo": "TiqueteGeneral",
    "codigo": "dec43944-7aa8-416d-9dff-1e59a29826af",
    "fechaCompra": "2025-05-01T18:12:11.5923099",
    "precio": 100.0,
    "idComprador": "C1",
    "nombreComprador": "Carlos",
    "esEmpleado": false,
    "categoria": "ORO",
    "utilizado": false
  },
  {
    "tipo": "TiqueteGeneral",
    "codigo": "9e7ee4cb-920f-4954-a36a-358571b77fd3",
    "fechaCompra": "2025-05-01T17:06:12.7579572",
    "precio": 100.0,
    "idComprador": "C1",
    "nombreComprador": "Carlos",
    "esEmpleado": false,
    "categoria": "ORO",
    "utilizado": false
  },
  {
    "tipo": "EntradaIndividual",
    "codigo": "124aee7d-b1e7-414c-9062-56b651b96603",
    "fechaCompra": "2025-04-15T15:18:51.9227178",
    "precio": 50.0,
    "idComprador": "C1",
    "nombreComprador": "Carlos",
    "esEmpleado": false,
    "idAtraccion": "A1",
    "utilizado": false
  },
  {
    "tipo": "FastPass",
    "codigo": "099beda2-3df5-4a16-9c85-8798d35d0827",
    "fechaCompra": "2025-04-15T14:56:55.3003601",
    "precio": 15.0,
    "idComprador": "E1",
    "nombreComprador": "Ana",
    "esEmpleado": true,
    "fechaValida": "2025-04-16T14:56:55.3003601",
    "utilizado": false
  },
  {
    "tipo": "TiqueteGeneral",
    "codigo": "a8ab2c1d-83cc-420e-8916-ac5dcaee5f28",
    "fechaCompra": "2025-04-15T15:02:05.4493718",
    "precio": 100.0,
    "idComprador": "C1",
    "nombreComprador": "Carlos",
    "esEmpleado": false,
    "categoria": "ORO",
    "utilizado": false
  },
  {
    "tipo": "EntradaIndividual",
    "codigo": "80e2e78d-fe2d-4ba2-9dda-30a4c0787c56",
    "fechaCompra": "2025-04-15T14:58:11.6852413",
    "precio": 50.0,
    "idComprador": "C1",
    "nombreComprador": "Carlos",
    "esEmpleado": false,
    "idAtraccion": "A1",
    "utilizado": false
  },
  {
    "tipo": "TiqueteGeneral",
    "codigo": "352bda3a-0cf8-4ebc-90ff-2af2984a594a",
    "fechaCompra": "2025-04-15T15:16:27.4328127",
    "precio": 100.0,
    "idComprador": "C1",
    "nombreComprador": "Carlos",
    "esEmpleado": false,
    "categoria": "ORO",
    "utilizado": false
  },
  {
    "tipo": "TiqueteGeneral",
    "codigo": "3191e5af-f9a9-4af9-a781-2b084f3759d5",
    "fechaCompra": "2025-04-15T15:18:51.8944111",
    "precio": 100.0,
    "idComprador": "C1",
    "nombreComprador": "Carlos",
    "esEmpleado": false,
    "categoria": "ORO",
    "utilizado": false
  },
  {
    "tipo": "FastPass",
    "codigo": "af91bf8a-0a5d-46da-989f-35db537c69fb",
    "fechaCompra": "2025-05-01T18:12:11.6962998",
    "precio": 15.0,
    "idComprador": "E1",
    "nombreComprador": "Ana",
    "esEmpleado": true,
    "fechaValida": "2025-05-02T18:12:11.6951388",
    "utilizado": false
  },
  {
    "tipo": "TiqueteGeneral",
    "codigo": "d4b64786-fb32-437f-8cf1-4bd7c6cc3f64",
    "fechaCompra": "2025-04-15T14:58:11.6396152",
    "precio": 100.0,
    "idComprador": "C1",
    "nombreComprador": "Carlos",
    "esEmpleado": false,
    "categoria": "ORO",
    "utilizado": false
  },
  {
    "tipo": "EntradaIndividual",
    "codigo": "0974f194-2ed6-4be2-b88c-9c9ab90b23e2",
    "fechaCompra": "2025-04-15T15:02:05.4627738",
    "precio": 50.0,
    "idComprador": "C1",
    "nombreComprador": "Carlos",
    "esEmpleado": false,
    "idAtraccion": "A1",
    "utilizado": false
  },
  {
    "tipo": "EntradaIndividual",
    "codigo": "bea7d258-331b-441d-9a90-bf2e2d6bba1b",
    "fechaCompra": "2025-04-15T15:07:18.5376562",
    "precio": 50.0,
    "idComprador": "C1",
    "nombreComprador": "Carlos",
    "esEmpleado": false,
    "idAtraccion": "A1",
    "utilizado": false
  },
  {
    "tipo": "FastPass",
    "codigo": "25e7d34e-bb6e-4503-bb6e-ad9252a711f3",
    "fechaCompra": "2025-04-15T15:07:18.5466548",
    "precio": 15.0,
    "idComprador": "E1",
    "nombreComprador": "Ana",
    "esEmpleado": true,
    "fechaValida": "2025-04-16T15:07:18.5466548",
    "utilizado": false
  },
  {
    "tipo": "FastPass",
    "codigo": "b5a7be07-157d-4c85-853e-a5b47e66bb68",
    "fechaCompra": "2025-04-15T15:18:51.9390063",
    "precio": 15.0,
    "idComprador": "E1",
    "nombreComprador": "Ana",
    "esEmpleado": true,
    "fechaValida": "2025-04-16T15:18:51.9390063",
    "utilizado": false
  },
  {
    "tipo": "EntradaIndividual",
    "codigo": "695be514-d105-402c-9958-c06b9d48ff51",
    "fechaCompra": "2025-04-15T15:21:04.1751207",
    "precio": 50.0,
    "idComprador": "C1",
    "nombreComprador": "Carlos",
    "esEmpleado": false,
    "idAtraccion": "A1",
    "utilizado": false
  },
  {
    "tipo": "TiqueteGeneral",
    "codigo": "50a110f8-9ebb-4be1-b935-86199a018c35",
    "fechaCompra": "2025-04-15T15:23:49.9776967",
    "precio": 100.0,
    "idComprador": "C1",
    "nombreComprador": "Carlos",
    "esEmpleado": false,
    "categoria": "ORO",
    "utilizado": false
  },
  {
    "tipo": "FastPass",
    "codigo": "eac70aa1-9164-4182-9533-1694166d63eb",
    "fechaCompra": "2025-04-15T15:40:36.4138451",
    "precio": 15.0,
    "idComprador": "E1",
    "nombreComprador": "Ana",
    "esEmpleado": true,
    "fechaValida": "2025-04-16T15:40:36.4138451",
    "utilizado": false
  },
  {
    "tipo": "TiqueteGeneral",
    "codigo": "18f303bf-8b97-4a37-8d41-e7b6d60efcf7",
    "fechaCompra": "2025-04-17T12:15:01.8727694",
    "precio": 100.0,
    "idComprador": "C1",
    "nombreComprador": "Carlos",
    "esEmpleado": false,
    "categoria": "ORO",
    "utilizado": false
  },
  {
    "tipo": "TiqueteGeneral",
    "codigo": "ade42470-6b7e-48c2-9e71-ad9e8ca305f9",
    "fechaCompra": "2025-04-15T15:07:18.4890947",
    "precio": 100.0,
    "idComprador": "C1",
    "nombreComprador": "Carlos",
    "esEmpleado": false,
    "categoria": "ORO",
    "utilizado": false
  },
  {
    "tipo": "TiqueteGeneral",
    "codigo": "04943b92-cf24-40b7-bbef-1f410b5e61fc",
    "fechaCompra": "2025-04-17T12:14:13.7863003",
    "precio": 100.0,
    "idComprador": "C1",
    "nombreComprador": "Carlos",
    "esEmpleado": false,
    "categoria": "ORO",
    "utilizado": false
  },
  {
    "tipo": "EntradaIndividual",
    "codigo": "ba4d5c4f-0440-49b9-80d7-42d333279a77",
    "fechaCompra": "2025-05-01T18:16:25.0168701",
    "precio": 50.0,
    "idComprador": "C1",
    "nombreComprador": "Carlos",
    "esEmpleado": false,
    "idAtraccion": "A1",
    "utilizado": false
  },
  {
    "tipo": "FastPass",
    "codigo": "08eede0a-8494-4a9e-ab02-7ffd3746d37f",
    "fechaCompra": "2025-04-15T14:58:11.6919083",
    "precio": 15.0,
    "idComprador": "E1",
    "nombreComprador": "Ana",
    "esEmpleado": true,
    "fechaValida": "2025-04-16T14:58:11.6919083",
    "utilizado": false
  },
  {
    "tipo": "EntradaIndividual",
    "codigo": "b9de9821-4205-4958-80c1-bfdcf0b60fdb",
    "fechaCompra": "2025-04-15T15:16:27.4537078",
    "precio": 50.0,
    "idComprador": "C1",
    "nombreComprador": "Carlos",
    "esEmpleado": false,
    "idAtraccion": "A1",
    "utilizado": false
  },
  {
    "tipo": "EntradaIndividual",
    "codigo": "aea57f4e-309d-428e-a8ac-215da0cec093",
    "fechaCompra": "2025-04-17T12:14:13.802553",
    "precio": 50.0,
    "idComprador": "C1",
    "nombreComprador": "Carlos",
    "esEmpleado": false,
    "idAtraccion": "A1",
    "utilizado": false
  },
  {
    "tipo": "EntradaIndividual",
    "codigo": "c6f66ca9-608e-4275-a63c-33e503544fd1",
    "fechaCompra": "2025-04-15T15:13:12.0074316",
    "precio": 50.0,
    "idComprador": "C1",
    "nombreComprador": "Carlos",
    "esEmpleado": false,
    "idAtraccion": "A1",
    "utilizado": false
  },
  {
    "tipo": "EntradaIndividual",
    "codigo": "b72eafd6-db36-4779-9eeb-30ead64d21c1",
    "fechaCompra": "2025-05-01T16:48:01.7552379",
    "precio": 50.0,
    "idComprador": "C1",
    "nombreComprador": "Carlos",
    "esEmpleado": false,
    "idAtraccion": "A1",
    "utilizado": false
  },
  {
    "tipo": "TiqueteGeneral",
    "codigo": "f6ea2673-6252-4a2a-81e8-37686ef40170",
    "fechaCompra": "2025-04-15T15:13:11.9911795",
    "precio": 100.0,
    "idComprador": "C1",
    "nombreComprador": "Carlos",
    "esEmpleado": false,
    "categoria": "ORO",
    "utilizado": false
  },
  {
    "tipo": "FastPass",
    "codigo": "26697a29-f8ac-402f-b87f-5af70f7445e7",
    "fechaCompra": "2025-04-15T15:22:12.5976682",
    "precio": 15.0,
    "idComprador": "E1",
    "nombreComprador": "Ana",
    "esEmpleado": true,
    "fechaValida": "2025-04-16T15:22:12.5965268",
    "utilizado": false
  },
  {
    "tipo": "TiqueteGeneral",
    "codigo": "c73ed5e8-9549-4702-b82b-eca5d00e7c53",
    "fechaCompra": "2025-05-01T18:16:24.9936315",
    "precio": 100.0,
    "idComprador": "C1",
    "nombreComprador": "Carlos",
    "esEmpleado": false,
    "categoria": "ORO",
    "utilizado": true
  },
  {
    "tipo": "EntradaIndividual",
    "codigo": "50473d7c-3ac1-445d-b7b6-9f6184eabceb",
    "fechaCompra": "2025-04-15T14:50:16.6354055",
    "precio": 50.0,
    "idComprador": "C1",
    "nombreComprador": "Carlos",
    "esEmpleado": false,
    "idAtraccion": "A1",
    "utilizado": false
  },
  {
    "tipo": "TiqueteGeneral",
    "codigo": "a6bcfdaf-609b-40eb-9d81-218c83e6cc9a",
    "fechaCompra": "2025-04-15T14:56:55.2878442",
    "precio": 100.0,
    "idComprador": "C1",
    "nombreComprador": "Carlos",
    "esEmpleado": false,
    "categoria": "ORO",
    "utilizado": false
  },
  {
    "tipo": "TiqueteGeneral",
    "codigo": "41b96f41-6cc9-4442-b73b-5220c3a5a7cb",
    "fechaCompra": "2025-04-15T15:06:36.3768341",
    "precio": 100.0,
    "idComprador": "C1",
    "nombreComprador": "Carlos",
    "esEmpleado": false,
    "categoria": "ORO",
    "utilizado": false
  },
  {
    "tipo": "TiqueteGeneral",
    "codigo": "a68aef0e-1346-4fbc-847b-1278ff7fe595",
    "fechaCompra": "2025-04-15T15:18:07.3533271",
    "precio": 100.0,
    "idComprador": "C1",
    "nombreComprador": "Carlos",
    "esEmpleado": false,
    "categoria": "ORO",
    "utilizado": false
  },
  {
    "tipo": "TiqueteGeneral",
    "codigo": "b857d3f3-de2f-4b70-a245-c22d4a3c9942",
    "fechaCompra": "2025-04-15T15:40:36.3753501",
    "precio": 100.0,
    "idComprador": "C1",
    "nombreComprador": "Carlos",
    "esEmpleado": false,
    "categoria": "ORO",
    "utilizado": false
  },
  {
    "tipo": "FastPass",
    "codigo": "9fad0a77-278c-4c87-af42-e0eae15362af",
    "fechaCompra": "2025-05-01T16:48:01.792413",
    "precio": 15.0,
    "idComprador": "E1",
    "nombreComprador": "Ana",
    "esEmpleado": true,
    "fechaValida": "2025-05-02T16:48:01.792413",
    "utilizado": false
  },
  {
    "tipo": "EntradaIndividual",
    "codigo": "82c97b33-02bd-43f8-9856-fb5f335d3eb2",
    "fechaCompra": "2025-04-15T14:56:55.2977375",
    "precio": 50.0,
    "idComprador": "C1",
    "nombreComprador": "Carlos",
    "esEmpleado": false,
    "idAtraccion": "A1",
    "utilizado": false
  },
  {
    "tipo": "TiqueteTemporada",
    "codigo": "TQ002",
    "fechaCompra": "2025-04-01T11:00:00",
    "precio": 200000.0,
    "idComprador": "C002",
    "nombreComprador": "Maria Oro",
    "esEmpleado": false,
    "categoria": "ORO",
    "fechaInicio": "2025-06-01T00:00:00",
    "fechaFin": "2025-06-30T23:59:00",
    "utilizado": false
  },
  {
    "tipo": "TiqueteGeneral",
    "codigo": "TQ001",
    "fechaCompra": "2025-04-01T10:00:00",
    "precio": 50000.0,
    "idComprador": "C001",
    "nombreComprador": "Pedro Cliente",
    "esEmpleado": false,
    "categoria": "FAMILIAR",
    "utilizado": false
  },
  {
    "tipo": "FastPass",
    "codigo": "bed16189-fe29-4bd8-aca1-0a67c154f5d9",
    "fechaCompra": "2025-04-15T15:13:12.0148068",
    "precio": 15.0,
    "idComprador": "E1",
    "nombreComprador": "Ana",
    "esEmpleado": true,
    "fechaValida": "2025-04-16T15:13:12.0148068",
    "utilizado": false
  },
  {
    "tipo": "FastPass",
    "codigo": "TQ004",
    "fechaCompra": "2025-04-01T13:00:00",
    "precio": 10000.0,
    "idComprador": "C004",
    "nombreComprador": "Sofia Rápida",
    "esEmpleado": false,
    "fechaValida": "2025-07-10T00:00:00",
    "utilizado": false
  },
  {
    "tipo": "EntradaIndividual",
    "codigo": "TQ003",
    "fechaCompra": "2025-04-01T12:00:00",
    "precio": 15000.0,
    "idComprador": "C003",
    "nombreComprador": "Luis Visitante",
    "esEmpleado": false,
    "idAtraccion": "A1",
    "utilizado": false
  },
  {
    "tipo": "TiqueteGeneral",
    "codigo": "026d6487-9fb3-4bbc-98bf-1c1d4920bb92",
    "fechaCompra": "2025-04-15T14:50:16.6122979",
    "precio": 100.0,
    "idComprador": "C1",
    "nombreComprador": "Carlos",
    "esEmpleado": false,
    "categoria": "ORO",
    "utilizado": false
  },
  {
    "tipo": "EntradaIndividual",
    "codigo": "db73d75b-6637-4c68-a18f-1523ba7b50be",
    "fechaCompra": "2025-04-15T15:35:39.3159079",
    "precio": 50.0,
    "idComprador": "C1",
    "nombreComprador": "Carlos",
    "esEmpleado": false,
    "idAtraccion": "A1",
    "utilizado": false
  },
  {
    "tipo": "TiqueteGeneral",
    "codigo": "b90947fe-b95c-4dcd-9012-2587e9376e23",
    "fechaCompra": "2025-04-15T15:22:12.5724105",
    "precio": 100.0,
    "idComprador": "C1",
    "nombreComprador": "Carlos",
    "esEmpleado": false,
    "categoria": "ORO",
    "utilizado": false
  },
  {
    "tipo": "EntradaIndividual",
    "codigo": "57afbc8b-0faf-4918-9c0a-c773929e606c",
    "fechaCompra": "2025-04-15T15:23:50.0137101",
    "precio": 50.0,
    "idComprador": "C1",
    "nombreComprador": "Carlos",
    "esEmpleado": false,
    "idAtraccion": "A1",
    "utilizado": false
  },
  {
    "tipo": "TiqueteGeneral",
    "codigo": "da36777e-418f-4304-a426-c4fea0091353",
    "fechaCompra": "2025-04-17T12:20:53.4716365",
    "precio": 100.0,
    "idComprador": "C1",
    "nombreComprador": "Carlos",
    "esEmpleado": false,
    "categoria": "ORO",
    "utilizado": false
  },
  {
    "tipo": "EntradaIndividual",
    "codigo": "20c8f9b6-72cf-40ed-9701-1e2c10a3cc30",
    "fechaCompra": "2025-04-15T15:06:36.3937173",
    "precio": 50.0,
    "idComprador": "C1",
    "nombreComprador": "Carlos",
    "esEmpleado": false,
    "idAtraccion": "A1",
    "utilizado": false
  },
  {
    "tipo": "FastPass",
    "codigo": "f90d6993-8021-4225-970a-5c50d1e59d64",
    "fechaCompra": "2025-04-15T15:06:36.4003087",
    "precio": 15.0,
    "idComprador": "E1",
    "nombreComprador": "Ana",
    "esEmpleado": true,
    "fechaValida": "2025-04-16T15:06:36.3993078",
    "utilizado": false
  },
  {
    "tipo": "EntradaIndividual",
    "codigo": "33c2abfc-bddc-4256-9a3a-4c7e901eee18",
    "fechaCompra": "2025-04-15T15:18:07.3731497",
    "precio": 50.0,
    "idComprador": "C1",
    "nombreComprador": "Carlos",
    "esEmpleado": false,
    "idAtraccion": "A1",
    "utilizado": false
  },
  {
    "tipo": "FastPass",
    "codigo": "245fa4dd-f8ac-45e8-a2bb-d887a0255fd4",
    "fechaCompra": "2025-04-17T12:15:01.8983497",
    "precio": 15.0,
    "idComprador": "E1",
    "nombreComprador": "Ana",
    "esEmpleado": true,
    "fechaValida": "2025-04-18T12:15:01.8983497",
    "utilizado": false
  },
  {
    "tipo": "FastPass",
    "codigo": "007b6d4b-7df0-462f-865c-00e4be3edcd9",
    "fechaCompra": "2025-04-15T15:23:50.0376729",
    "precio": 15.0,
    "idComprador": "E1",
    "nombreComprador": "Ana",
    "esEmpleado": true,
    "fechaValida": "2025-04-16T15:23:50.0376729",
    "utilizado": false
  },
  {
    "tipo": "FastPass",
    "codigo": "e23c091b-7776-4f39-b41b-c0d3519f45f3",
    "fechaCompra": "2025-04-15T15:21:04.1956552",
    "precio": 15.0,
    "idComprador": "E1",
    "nombreComprador": "Ana",
    "esEmpleado": true,
    "fechaValida": "2025-04-16T15:21:04.1956552",
    "utilizado": false
  },
  {
    "tipo": "FastPass",
    "codigo": "87289b72-45e5-467b-ac16-e0ca6cb27264",
    "fechaCompra": "2025-04-15T16:39:07.244257",
    "precio": 15.0,
    "idComprador": "E1",
    "nombreComprador": "Ana",
    "esEmpleado": true,
    "fechaValida": "2025-04-16T16:39:07.244257",
    "utilizado": false
  },
  {
    "tipo": "FastPass",
    "codigo": "942daf9d-352d-4566-bdff-da4c5533c414",
    "fechaCompra": "2025-05-01T17:06:12.7980179",
    "precio": 15.0,
    "idComprador": "E1",
    "nombreComprador": "Ana",
    "esEmpleado": true,
    "fechaValida": "2025-05-02T17:06:12.7980179",
    "utilizado": false
  },
  {
    "tipo": "FastPass",
    "codigo": "ac0fcd51-7a64-4306-9a6a-71ca6d77efb8",
    "fechaCompra": "2025-04-17T12:20:53.538951",
    "precio": 15.0,
    "idComprador": "E1",
    "nombreComprador": "Ana",
    "esEmpleado": true,
    "fechaValida": "2025-04-18T12:20:53.538951",
    "utilizado": false
  },
  {
    "tipo": "FastPass",
    "codigo": "e3d971b6-68c1-4339-bef5-1b34bd358570",
    "fechaCompra": "2025-05-01T18:16:25.031579",
    "precio": 15.0,
    "idComprador": "E1",
    "nombreComprador": "Ana",
    "esEmpleado": true,
    "fechaValida": "2025-05-02T18:16:25.031579",
    "utilizado": false
  },
  {
    "tipo": "FastPass",
    "codigo": "2262485b-cec0-4014-b23e-a512c02e31cb",
    "fechaCompra": "2025-04-15T15:02:05.4678561",
    "precio": 15.0,
    "idComprador": "E1",
    "nombreComprador": "Ana",
    "esEmpleado": true,
    "fechaValida": "2025-04-16T15:02:05.4678561",
    "utilizado": false
  },
  {
    "tipo": "EntradaIndividual",
    "codigo": "9c9eee31-0a95-45b4-b20d-c3c5cc8c9731",
    "fechaCompra": "2025-04-17T12:15:01.8875562",
    "precio": 50.0,
    "idComprador": "C1",
    "nombreComprador": "Carlos",
    "esEmpleado": false,
    "idAtraccion": "A1",
    "utilizado": false
  },
  {
    "tipo": "EntradaIndividual",
    "codigo": "e14b215d-f37c-4b73-a0ba-6918c776e986",
    "fechaCompra": "2025-05-01T17:06:12.7818092",
    "precio": 50.0,
    "idComprador": "C1",
    "nombreComprador": "Carlos",
    "esEmpleado": false,
    "idAtraccion": "A1",
    "utilizado": false
  },
  {
    "tipo": "EntradaIndividual",
    "codigo": "91fac05e-8601-4c4c-996f-af967bae2025",
    "fechaCompra": "2025-04-15T15:14:04.8119907",
    "precio": 50.0,
    "idComprador": "C1",
    "nombreComprador": "Carlos",
    "esEmpleado": false,
    "idAtraccion": "A1",
    "utilizado": false
  },
  {
    "tipo": "EntradaIndividual",
    "codigo": "6ecc9d94-5e88-450c-a66d-10719d4736e8",
    "fechaCompra": "2025-04-15T16:39:07.2227331",
    "precio": 50.0,
    "idComprador": "C1",
    "nombreComprador": "Carlos",
    "esEmpleado": false,
    "idAtraccion": "A1",
    "utilizado": false
  },
  {
    "tipo": "TiqueteGeneral",
    "codigo": "500c1558-4eef-4a7a-b46f-cf64f9cc8485",
    "fechaCompra": "2025-04-15T15:21:04.1454832",
    "precio": 100.0,
    "idComprador": "C1",
    "nombreComprador": "Carlos",
    "esEmpleado": false,
    "categoria": "ORO",
    "utilizado": false
  }
]